[
{
  "model": "admin.logentry",
  "pk": 1,
  "fields": {
    "action_time": "2020-10-08T13:46:15.813Z",
    "user": 1,
    "content_type": 9,
    "object_id": "1",
    "object_repr": "Web Development",
    "action_flag": 1,
    "change_message": "[{\"added\": {}}]"
  }
},
{
  "model": "admin.logentry",
  "pk": 2,
  "fields": {
    "action_time": "2020-10-08T13:46:22.818Z",
    "user": 1,
    "content_type": 9,
    "object_id": "2",
    "object_repr": "Management",
    "action_flag": 1,
    "change_message": "[{\"added\": {}}]"
  }
},
{
  "model": "admin.logentry",
  "pk": 3,
  "fields": {
    "action_time": "2020-10-08T13:46:39.490Z",
    "user": 1,
    "content_type": 9,
    "object_id": "3",
    "object_repr": "IT Certification",
    "action_flag": 1,
    "change_message": "[{\"added\": {}}]"
  }
},
{
  "model": "admin.logentry",
  "pk": 4,
  "fields": {
    "action_time": "2020-10-08T13:46:48.627Z",
    "user": 1,
    "content_type": 9,
    "object_id": "4",
    "object_repr": "Sports",
    "action_flag": 1,
    "change_message": "[{\"added\": {}}]"
  }
},
{
  "model": "admin.logentry",
  "pk": 5,
  "fields": {
    "action_time": "2020-10-08T13:46:59.081Z",
    "user": 1,
    "content_type": 9,
    "object_id": "5",
    "object_repr": "Economics",
    "action_flag": 1,
    "change_message": "[{\"added\": {}}]"
  }
},
{
  "model": "admin.logentry",
  "pk": 6,
  "fields": {
    "action_time": "2020-10-08T13:47:35.344Z",
    "user": 1,
    "content_type": 7,
    "object_id": "1",
    "object_repr": "CCNA",
    "action_flag": 1,
    "change_message": "[{\"added\": {}}]"
  }
},
{
  "model": "admin.logentry",
  "pk": 7,
  "fields": {
    "action_time": "2020-10-08T13:47:52.157Z",
    "user": 1,
    "content_type": 7,
    "object_id": "2",
    "object_repr": "AWS",
    "action_flag": 1,
    "change_message": "[{\"added\": {}}]"
  }
},
{
  "model": "admin.logentry",
  "pk": 8,
  "fields": {
    "action_time": "2020-10-08T13:48:09.255Z",
    "user": 1,
    "content_type": 7,
    "object_id": "3",
    "object_repr": "CompTIA Security",
    "action_flag": 1,
    "change_message": "[{\"added\": {}}]"
  }
},
{
  "model": "admin.logentry",
  "pk": 9,
  "fields": {
    "action_time": "2020-10-08T13:48:29.863Z",
    "user": 1,
    "content_type": 7,
    "object_id": "4",
    "object_repr": "Oracle SQL",
    "action_flag": 1,
    "change_message": "[{\"added\": {}}]"
  }
},
{
  "model": "admin.logentry",
  "pk": 10,
  "fields": {
    "action_time": "2020-10-08T13:48:46.546Z",
    "user": 1,
    "content_type": 7,
    "object_id": "5",
    "object_repr": "Microeconomics",
    "action_flag": 1,
    "change_message": "[{\"added\": {}}]"
  }
},
{
  "model": "admin.logentry",
  "pk": 11,
  "fields": {
    "action_time": "2020-10-08T13:49:11.153Z",
    "user": 1,
    "content_type": 7,
    "object_id": "6",
    "object_repr": "Introduction to Economics",
    "action_flag": 1,
    "change_message": "[{\"added\": {}}]"
  }
},
{
  "model": "admin.logentry",
  "pk": 12,
  "fields": {
    "action_time": "2020-10-08T13:49:28.108Z",
    "user": 1,
    "content_type": 7,
    "object_id": "7",
    "object_repr": "Global Economics",
    "action_flag": 1,
    "change_message": "[{\"added\": {}}]"
  }
},
{
  "model": "admin.logentry",
  "pk": 13,
  "fields": {
    "action_time": "2020-10-08T13:49:57.452Z",
    "user": 1,
    "content_type": 7,
    "object_id": "8",
    "object_repr": "Web Dev Bootcamp",
    "action_flag": 1,
    "change_message": "[{\"added\": {}}]"
  }
},
{
  "model": "admin.logentry",
  "pk": 14,
  "fields": {
    "action_time": "2020-10-08T13:50:18.771Z",
    "user": 1,
    "content_type": 7,
    "object_id": "9",
    "object_repr": "Web Design",
    "action_flag": 1,
    "change_message": "[{\"added\": {}}]"
  }
},
{
  "model": "admin.logentry",
  "pk": 15,
  "fields": {
    "action_time": "2020-10-08T13:50:44.361Z",
    "user": 1,
    "content_type": 7,
    "object_id": "10",
    "object_repr": "Web Development Mastercalss",
    "action_flag": 1,
    "change_message": "[{\"added\": {}}]"
  }
},
{
  "model": "admin.logentry",
  "pk": 16,
  "fields": {
    "action_time": "2020-10-08T13:51:05.177Z",
    "user": 1,
    "content_type": 7,
    "object_id": "11",
    "object_repr": "Build Responsive Websites",
    "action_flag": 1,
    "change_message": "[{\"added\": {}}]"
  }
},
{
  "model": "admin.logentry",
  "pk": 17,
  "fields": {
    "action_time": "2020-10-08T13:51:24.300Z",
    "user": 1,
    "content_type": 7,
    "object_id": "12",
    "object_repr": "Innovation for Business",
    "action_flag": 1,
    "change_message": "[{\"added\": {}}]"
  }
},
{
  "model": "admin.logentry",
  "pk": 18,
  "fields": {
    "action_time": "2020-10-08T13:51:45.462Z",
    "user": 1,
    "content_type": 7,
    "object_id": "13",
    "object_repr": "Leadership Skills",
    "action_flag": 1,
    "change_message": "[{\"added\": {}}]"
  }
},
{
  "model": "admin.logentry",
  "pk": 19,
  "fields": {
    "action_time": "2020-10-08T13:51:58.016Z",
    "user": 1,
    "content_type": 7,
    "object_id": "14",
    "object_repr": "Project Management",
    "action_flag": 1,
    "change_message": "[{\"added\": {}}]"
  }
},
{
  "model": "admin.logentry",
  "pk": 20,
  "fields": {
    "action_time": "2020-10-08T13:52:14.664Z",
    "user": 1,
    "content_type": 7,
    "object_id": "15",
    "object_repr": "Sports Psychology",
    "action_flag": 1,
    "change_message": "[{\"added\": {}}]"
  }
},
{
  "model": "admin.logentry",
  "pk": 21,
  "fields": {
    "action_time": "2020-10-08T13:52:29.639Z",
    "user": 1,
    "content_type": 7,
    "object_id": "16",
    "object_repr": "Introduction to Soccer",
    "action_flag": 1,
    "change_message": "[{\"added\": {}}]"
  }
},
{
  "model": "admin.logentry",
  "pk": 22,
  "fields": {
    "action_time": "2020-10-08T13:52:43.912Z",
    "user": 1,
    "content_type": 7,
    "object_id": "17",
    "object_repr": "Swimming Guide for Beginners",
    "action_flag": 1,
    "change_message": "[{\"added\": {}}]"
  }
},
{
  "model": "admin.logentry",
  "pk": 23,
  "fields": {
    "action_time": "2020-10-08T13:54:09.462Z",
    "user": 1,
    "content_type": 10,
    "object_id": "2",
    "object_repr": "John Smith",
    "action_flag": 1,
    "change_message": "[{\"added\": {}}]"
  }
},
{
  "model": "admin.logentry",
  "pk": 24,
  "fields": {
    "action_time": "2020-10-08T13:56:48.797Z",
    "user": 1,
    "content_type": 8,
    "object_id": "1",
    "object_repr": "John Smith",
    "action_flag": 1,
    "change_message": "[{\"added\": {}}]"
  }
},
{
  "model": "admin.logentry",
  "pk": 25,
  "fields": {
    "action_time": "2020-10-08T14:04:26.096Z",
    "user": 1,
    "content_type": 10,
    "object_id": "3",
    "object_repr": "Mary Jones",
    "action_flag": 1,
    "change_message": "[{\"added\": {}}]"
  }
},
{
  "model": "admin.logentry",
  "pk": 26,
  "fields": {
    "action_time": "2020-10-08T14:05:23.105Z",
    "user": 1,
    "content_type": 10,
    "object_id": "4",
    "object_repr": "Alan George",
    "action_flag": 1,
    "change_message": "[{\"added\": {}}]"
  }
},
{
  "model": "admin.logentry",
  "pk": 27,
  "fields": {
    "action_time": "2020-10-08T14:06:26.107Z",
    "user": 1,
    "content_type": 10,
    "object_id": "5",
    "object_repr": "Josh Jones",
    "action_flag": 1,
    "change_message": "[{\"added\": {}}]"
  }
},
{
  "model": "admin.logentry",
  "pk": 28,
  "fields": {
    "action_time": "2020-10-08T14:07:36.004Z",
    "user": 1,
    "content_type": 10,
    "object_id": "6",
    "object_repr": "Chris Hall",
    "action_flag": 1,
    "change_message": "[{\"added\": {}}]"
  }
},
{
  "model": "admin.logentry",
  "pk": 29,
  "fields": {
    "action_time": "2020-10-08T14:07:53.739Z",
    "user": 1,
    "content_type": 8,
    "object_id": "2",
    "object_repr": "Alan George",
    "action_flag": 1,
    "change_message": "[{\"added\": {}}]"
  }
},
{
  "model": "admin.logentry",
  "pk": 30,
  "fields": {
    "action_time": "2020-10-08T14:08:11.553Z",
    "user": 1,
    "content_type": 8,
    "object_id": "3",
    "object_repr": "Chris Hall",
    "action_flag": 1,
    "change_message": "[{\"added\": {}}]"
  }
},
{
  "model": "admin.logentry",
  "pk": 31,
  "fields": {
    "action_time": "2020-11-05T05:24:34.194Z",
    "user": 1,
    "content_type": 4,
    "object_id": "1",
    "object_repr": "temp1",
    "action_flag": 2,
    "change_message": "[{\"changed\": {\"fields\": [\"First name\", \"Last name\"]}}]"
  }
},
{
  "model": "admin.logentry",
  "pk": 32,
  "fields": {
    "action_time": "2020-11-05T05:25:41.620Z",
    "user": 1,
    "content_type": 4,
    "object_id": "1",
    "object_repr": "Parth",
    "action_flag": 2,
    "change_message": "[{\"changed\": {\"fields\": [\"Username\"]}}]"
  }
},
{
  "model": "admin.logentry",
  "pk": 33,
  "fields": {
    "action_time": "2020-11-05T14:46:56.670Z",
    "user": 1,
    "content_type": 4,
    "object_id": "1",
    "object_repr": "Kamani",
    "action_flag": 2,
    "change_message": "[{\"changed\": {\"fields\": [\"Username\"]}}]"
  }
},
{
  "model": "admin.logentry",
  "pk": 34,
  "fields": {
    "action_time": "2020-11-05T14:47:18.057Z",
    "user": 1,
    "content_type": 4,
    "object_id": "1",
    "object_repr": "parth",
    "action_flag": 2,
    "change_message": "[{\"changed\": {\"fields\": [\"Username\"]}}]"
  }
},
{
  "model": "admin.logentry",
  "pk": 35,
  "fields": {
    "action_time": "2020-11-05T15:49:16.017Z",
    "user": 1,
    "content_type": 4,
    "object_id": "1",
    "object_repr": "Group6",
    "action_flag": 2,
    "change_message": "[{\"changed\": {\"fields\": [\"Username\"]}}]"
  }
},
{
  "model": "admin.logentry",
  "pk": 36,
  "fields": {
    "action_time": "2020-11-19T13:01:49.516Z",
    "user": 1,
    "content_type": 4,
    "object_id": "1",
    "object_repr": "parth",
    "action_flag": 2,
    "change_message": "[{\"changed\": {\"fields\": [\"Username\"]}}]"
  }
},
{
  "model": "admin.logentry",
  "pk": 37,
  "fields": {
    "action_time": "2020-11-26T06:12:18.858Z",
    "user": 1,
    "content_type": 4,
    "object_id": "4",
    "object_repr": "alan",
    "action_flag": 2,
    "change_message": "[{\"changed\": {\"fields\": [\"password\"]}}]"
  }
},
{
  "model": "admin.logentry",
  "pk": 38,
  "fields": {
    "action_time": "2020-11-26T14:24:35.051Z",
    "user": 1,
    "content_type": 4,
    "object_id": "5",
    "object_repr": "josh",
    "action_flag": 2,
    "change_message": "[{\"changed\": {\"fields\": [\"password\"]}}]"
  }
},
{
  "model": "admin.logentry",
  "pk": 39,
  "fields": {
    "action_time": "2020-11-26T14:25:54.485Z",
    "user": 1,
    "content_type": 4,
    "object_id": "3",
    "object_repr": "mary",
    "action_flag": 2,
    "change_message": "[{\"changed\": {\"fields\": [\"password\"]}}]"
  }
},
{
  "model": "admin.logentry",
  "pk": 40,
  "fields": {
    "action_time": "2020-12-13T01:09:13.330Z",
    "user": 1,
    "content_type": 10,
    "object_id": "7",
    "object_repr": "Karan Mistry",
    "action_flag": 2,
    "change_message": "[{\"changed\": {\"fields\": [\"Level\", \"Interested in\"]}}]"
  }
},
{
  "model": "admin.logentry",
  "pk": 41,
  "fields": {
    "action_time": "2020-12-13T01:26:33.075Z",
    "user": 1,
    "content_type": 10,
    "object_id": "7",
    "object_repr": "Karan Mistry",
    "action_flag": 2,
    "change_message": "[{\"changed\": {\"fields\": [\"Level\"]}}]"
  }
},
{
  "model": "admin.logentry",
  "pk": 42,
  "fields": {
    "action_time": "2020-12-13T01:27:52.081Z",
    "user": 1,
    "content_type": 10,
    "object_id": "7",
    "object_repr": "Karan Mistry",
    "action_flag": 2,
    "change_message": "[{\"changed\": {\"fields\": [\"Level\"]}}]"
  }
},
{
  "model": "admin.logentry",
  "pk": 43,
  "fields": {
    "action_time": "2020-12-13T01:31:10.989Z",
    "user": 1,
    "content_type": 10,
    "object_id": "7",
    "object_repr": "Karan Mistry",
    "action_flag": 2,
    "change_message": "[{\"changed\": {\"fields\": [\"Level\"]}}]"
  }
},
{
  "model": "admin.logentry",
  "pk": 44,
  "fields": {
    "action_time": "2020-12-14T21:14:52.222Z",
    "user": 1,
    "content_type": 7,
    "object_id": "17",
    "object_repr": "Swimming Guide for Beginners",
    "action_flag": 2,
    "change_message": "[{\"changed\": {\"fields\": [\"Price\"]}}]"
  }
},
{
  "model": "admin.logentry",
  "pk": 45,
  "fields": {
    "action_time": "2020-12-14T21:20:58.358Z",
    "user": 1,
    "content_type": 7,
    "object_id": "17",
    "object_repr": "Swimming Guide for Beginners",
    "action_flag": 2,
    "change_message": "[{\"changed\": {\"fields\": [\"Price\"]}}]"
  }
},
{
  "model": "admin.logentry",
  "pk": 46,
  "fields": {
    "action_time": "2020-12-14T21:21:06.787Z",
    "user": 1,
    "content_type": 7,
    "object_id": "16",
    "object_repr": "Introduction to Soccer",
    "action_flag": 2,
    "change_message": "[{\"changed\": {\"fields\": [\"Price\"]}}]"
  }
},
{
  "model": "admin.logentry",
  "pk": 47,
  "fields": {
    "action_time": "2020-12-14T22:34:32.440Z",
    "user": 1,
    "content_type": 10,
    "object_id": "3",
    "object_repr": "Mary Jones",
    "action_flag": 2,
    "change_message": "[{\"changed\": {\"fields\": [\"Email address\"]}}]"
  }
},
{
  "model": "admin.logentry",
  "pk": 48,
  "fields": {
    "action_time": "2020-12-15T05:08:34.973Z",
    "user": 1,
    "content_type": 10,
    "object_id": "3",
    "object_repr": "Mary Jones",
    "action_flag": 2,
    "change_message": "[{\"changed\": {\"fields\": [\"Image\"]}}]"
  }
},
{
  "model": "admin.logentry",
  "pk": 49,
  "fields": {
    "action_time": "2020-12-15T05:17:37.744Z",
    "user": 1,
    "content_type": 10,
    "object_id": "3",
    "object_repr": "Mary Jones",
    "action_flag": 2,
    "change_message": "[{\"changed\": {\"fields\": [\"Image\"]}}]"
  }
},
{
  "model": "admin.logentry",
  "pk": 50,
  "fields": {
    "action_time": "2020-12-15T05:17:55.296Z",
    "user": 1,
    "content_type": 10,
    "object_id": "3",
    "object_repr": "Mary Jones",
    "action_flag": 2,
    "change_message": "[{\"changed\": {\"fields\": [\"Image\"]}}]"
  }
},
{
  "model": "auth.permission",
  "pk": 1,
  "fields": {
    "name": "Can add log entry",
    "content_type": 1,
    "codename": "add_logentry"
  }
},
{
  "model": "auth.permission",
  "pk": 2,
  "fields": {
    "name": "Can change log entry",
    "content_type": 1,
    "codename": "change_logentry"
  }
},
{
  "model": "auth.permission",
  "pk": 3,
  "fields": {
    "name": "Can delete log entry",
    "content_type": 1,
    "codename": "delete_logentry"
  }
},
{
  "model": "auth.permission",
  "pk": 4,
  "fields": {
    "name": "Can view log entry",
    "content_type": 1,
    "codename": "view_logentry"
  }
},
{
  "model": "auth.permission",
  "pk": 5,
  "fields": {
    "name": "Can add permission",
    "content_type": 2,
    "codename": "add_permission"
  }
},
{
  "model": "auth.permission",
  "pk": 6,
  "fields": {
    "name": "Can change permission",
    "content_type": 2,
    "codename": "change_permission"
  }
},
{
  "model": "auth.permission",
  "pk": 7,
  "fields": {
    "name": "Can delete permission",
    "content_type": 2,
    "codename": "delete_permission"
  }
},
{
  "model": "auth.permission",
  "pk": 8,
  "fields": {
    "name": "Can view permission",
    "content_type": 2,
    "codename": "view_permission"
  }
},
{
  "model": "auth.permission",
  "pk": 9,
  "fields": {
    "name": "Can add group",
    "content_type": 3,
    "codename": "add_group"
  }
},
{
  "model": "auth.permission",
  "pk": 10,
  "fields": {
    "name": "Can change group",
    "content_type": 3,
    "codename": "change_group"
  }
},
{
  "model": "auth.permission",
  "pk": 11,
  "fields": {
    "name": "Can delete group",
    "content_type": 3,
    "codename": "delete_group"
  }
},
{
  "model": "auth.permission",
  "pk": 12,
  "fields": {
    "name": "Can view group",
    "content_type": 3,
    "codename": "view_group"
  }
},
{
  "model": "auth.permission",
  "pk": 13,
  "fields": {
    "name": "Can add user",
    "content_type": 4,
    "codename": "add_user"
  }
},
{
  "model": "auth.permission",
  "pk": 14,
  "fields": {
    "name": "Can change user",
    "content_type": 4,
    "codename": "change_user"
  }
},
{
  "model": "auth.permission",
  "pk": 15,
  "fields": {
    "name": "Can delete user",
    "content_type": 4,
    "codename": "delete_user"
  }
},
{
  "model": "auth.permission",
  "pk": 16,
  "fields": {
    "name": "Can view user",
    "content_type": 4,
    "codename": "view_user"
  }
},
{
  "model": "auth.permission",
  "pk": 17,
  "fields": {
    "name": "Can add content type",
    "content_type": 5,
    "codename": "add_contenttype"
  }
},
{
  "model": "auth.permission",
  "pk": 18,
  "fields": {
    "name": "Can change content type",
    "content_type": 5,
    "codename": "change_contenttype"
  }
},
{
  "model": "auth.permission",
  "pk": 19,
  "fields": {
    "name": "Can delete content type",
    "content_type": 5,
    "codename": "delete_contenttype"
  }
},
{
  "model": "auth.permission",
  "pk": 20,
  "fields": {
    "name": "Can view content type",
    "content_type": 5,
    "codename": "view_contenttype"
  }
},
{
  "model": "auth.permission",
  "pk": 21,
  "fields": {
    "name": "Can add session",
    "content_type": 6,
    "codename": "add_session"
  }
},
{
  "model": "auth.permission",
  "pk": 22,
  "fields": {
    "name": "Can change session",
    "content_type": 6,
    "codename": "change_session"
  }
},
{
  "model": "auth.permission",
  "pk": 23,
  "fields": {
    "name": "Can delete session",
    "content_type": 6,
    "codename": "delete_session"
  }
},
{
  "model": "auth.permission",
  "pk": 24,
  "fields": {
    "name": "Can view session",
    "content_type": 6,
    "codename": "view_session"
  }
},
{
  "model": "auth.permission",
  "pk": 25,
  "fields": {
    "name": "Can add course",
    "content_type": 7,
    "codename": "add_course"
  }
},
{
  "model": "auth.permission",
  "pk": 26,
  "fields": {
    "name": "Can change course",
    "content_type": 7,
    "codename": "change_course"
  }
},
{
  "model": "auth.permission",
  "pk": 27,
  "fields": {
    "name": "Can delete course",
    "content_type": 7,
    "codename": "delete_course"
  }
},
{
  "model": "auth.permission",
  "pk": 28,
  "fields": {
    "name": "Can view course",
    "content_type": 7,
    "codename": "view_course"
  }
},
{
  "model": "auth.permission",
  "pk": 29,
  "fields": {
    "name": "Can add order",
    "content_type": 8,
    "codename": "add_order"
  }
},
{
  "model": "auth.permission",
  "pk": 30,
  "fields": {
    "name": "Can change order",
    "content_type": 8,
    "codename": "change_order"
  }
},
{
  "model": "auth.permission",
  "pk": 31,
  "fields": {
    "name": "Can delete order",
    "content_type": 8,
    "codename": "delete_order"
  }
},
{
  "model": "auth.permission",
  "pk": 32,
  "fields": {
    "name": "Can view order",
    "content_type": 8,
    "codename": "view_order"
  }
},
{
  "model": "auth.permission",
  "pk": 33,
  "fields": {
    "name": "Can add topic",
    "content_type": 9,
    "codename": "add_topic"
  }
},
{
  "model": "auth.permission",
  "pk": 34,
  "fields": {
    "name": "Can change topic",
    "content_type": 9,
    "codename": "change_topic"
  }
},
{
  "model": "auth.permission",
  "pk": 35,
  "fields": {
    "name": "Can delete topic",
    "content_type": 9,
    "codename": "delete_topic"
  }
},
{
  "model": "auth.permission",
  "pk": 36,
  "fields": {
    "name": "Can view topic",
    "content_type": 9,
    "codename": "view_topic"
  }
},
{
  "model": "auth.permission",
  "pk": 37,
  "fields": {
    "name": "Can add user",
    "content_type": 10,
    "codename": "add_student"
  }
},
{
  "model": "auth.permission",
  "pk": 38,
  "fields": {
    "name": "Can change user",
    "content_type": 10,
    "codename": "change_student"
  }
},
{
  "model": "auth.permission",
  "pk": 39,
  "fields": {
    "name": "Can delete user",
    "content_type": 10,
    "codename": "delete_student"
  }
},
{
  "model": "auth.permission",
  "pk": 40,
  "fields": {
    "name": "Can view user",
    "content_type": 10,
    "codename": "view_student"
  }
},
{
  "model": "auth.permission",
  "pk": 41,
  "fields": {
    "name": "Can add review",
    "content_type": 11,
    "codename": "add_review"
  }
},
{
  "model": "auth.permission",
  "pk": 42,
  "fields": {
    "name": "Can change review",
    "content_type": 11,
    "codename": "change_review"
  }
},
{
  "model": "auth.permission",
  "pk": 43,
  "fields": {
    "name": "Can delete review",
    "content_type": 11,
    "codename": "delete_review"
  }
},
{
  "model": "auth.permission",
  "pk": 44,
  "fields": {
    "name": "Can view review",
    "content_type": 11,
    "codename": "view_review"
  }
},
{
  "model": "auth.user",
  "pk": 1,
  "fields": {
    "password": "pbkdf2_sha256$216000$pH9sDtDKJHuF$Nm+juTEMwZFfFu4gN1KYDFWrlVbDIgglhvn6JWgqNwM=",
    "last_login": "2020-12-15T06:10:43.264Z",
    "is_superuser": true,
    "username": "parth",
    "first_name": "Parth",
    "last_name": "Kamani",
    "email": "temp1@gmail.com",
    "is_staff": true,
    "is_active": true,
    "date_joined": "2020-10-08T13:33:55Z",
    "groups": [],
    "user_permissions": []
  }
},
{
  "model": "auth.user",
  "pk": 2,
  "fields": {
    "password": "john1234",
    "last_login": null,
    "is_superuser": false,
    "username": "john",
    "first_name": "John",
    "last_name": "Smith",
    "email": "",
    "is_staff": false,
    "is_active": true,
    "date_joined": "2020-10-08T13:52:55Z",
    "groups": [],
    "user_permissions": []
  }
},
{
  "model": "auth.user",
  "pk": 3,
  "fields": {
    "password": "pbkdf2_sha256$216000$sWmYlu2L1YZM$nVpRCqwNUhqhCP5Oy3SuK10vO4YpH4C7twCkVnqxb14=",
    "last_login": "2020-12-15T06:10:59.077Z",
    "is_superuser": false,
    "username": "mary",
    "first_name": "Mary",
    "last_name": "Jones",
    "email": "jonesmarry007@gmail.com",
    "is_staff": false,
    "is_active": true,
    "date_joined": "2020-10-08T14:03:30Z",
    "groups": [],
    "user_permissions": []
  }
},
{
  "model": "auth.user",
  "pk": 4,
  "fields": {
    "password": "pbkdf2_sha256$216000$q6LwqNbVryMd$pEKdVBB2Gk8/qU+tY3jaStrwj8evvqWKfpagHAZBYoA=",
    "last_login": "2020-12-15T05:46:34.017Z",
    "is_superuser": false,
    "username": "alan",
    "first_name": "Alan",
    "last_name": "George",
    "email": "",
    "is_staff": false,
    "is_active": true,
    "date_joined": "2020-10-08T14:04:26Z",
    "groups": [],
    "user_permissions": []
  }
},
{
  "model": "auth.user",
  "pk": 5,
  "fields": {
    "password": "pbkdf2_sha256$216000$qSX7KAWvJSsG$rLNM2TKXdDjM6FzNtm21faOywE1NEiLyKRgxJCfLtRk=",
    "last_login": "2020-11-26T14:25:19.991Z",
    "is_superuser": false,
    "username": "josh",
    "first_name": "Josh",
    "last_name": "Jones",
    "email": "",
    "is_staff": false,
    "is_active": true,
    "date_joined": "2020-10-08T14:05:24Z",
    "groups": [],
    "user_permissions": []
  }
},
{
  "model": "auth.user",
  "pk": 6,
  "fields": {
    "password": "chris1234",
    "last_login": null,
    "is_superuser": false,
    "username": "chris",
    "first_name": "Chris",
    "last_name": "Hall",
    "email": "",
    "is_staff": false,
    "is_active": true,
    "date_joined": "2020-10-08T14:06:26Z",
    "groups": [],
    "user_permissions": []
  }
},
{
  "model": "auth.user",
  "pk": 7,
  "fields": {
    "password": "pbkdf2_sha256$216000$mp4YKepUYmVM$fFYp4iweVguGR1fEDU6RMlnZo2G91d0VJdMz6W8x6k8=",
    "last_login": "2020-12-14T18:15:04.647Z",
    "is_superuser": false,
    "username": "Karan",
    "first_name": "Karan",
    "last_name": "Mistry",
    "email": "",
    "is_staff": false,
    "is_active": true,
    "date_joined": "2020-12-13T00:36:49Z",
    "groups": [],
    "user_permissions": []
  }
},
{
  "model": "auth.user",
  "pk": 8,
  "fields": {
    "password": "pbkdf2_sha256$216000$JqBcHVDXfsI2$4JanxfiO57WH8dz20wOEaV5pnLZbOId0V+LsJyYpiWo=",
    "last_login": null,
    "is_superuser": false,
    "username": "temp",
    "first_name": "temp",
    "last_name": "temp",
    "email": "",
    "is_staff": false,
    "is_active": true,
    "date_joined": "2020-12-13T00:43:37.993Z",
    "groups": [],
    "user_permissions": []
  }
},
{
  "model": "contenttypes.contenttype",
  "pk": 1,
  "fields": {
    "app_label": "admin",
    "model": "logentry"
  }
},
{
  "model": "contenttypes.contenttype",
  "pk": 2,
  "fields": {
    "app_label": "auth",
    "model": "permission"
  }
},
{
  "model": "contenttypes.contenttype",
  "pk": 3,
  "fields": {
    "app_label": "auth",
    "model": "group"
  }
},
{
  "model": "contenttypes.contenttype",
  "pk": 4,
  "fields": {
    "app_label": "auth",
    "model": "user"
  }
},
{
  "model": "contenttypes.contenttype",
  "pk": 5,
  "fields": {
    "app_label": "contenttypes",
    "model": "contenttype"
  }
},
{
  "model": "contenttypes.contenttype",
  "pk": 6,
  "fields": {
    "app_label": "sessions",
    "model": "session"
  }
},
{
  "model": "contenttypes.contenttype",
  "pk": 7,
  "fields": {
    "app_label": "myapp",
    "model": "course"
  }
},
{
  "model": "contenttypes.contenttype",
  "pk": 8,
  "fields": {
    "app_label": "myapp",
    "model": "order"
  }
},
{
  "model": "contenttypes.contenttype",
  "pk": 9,
  "fields": {
    "app_label": "myapp",
    "model": "topic"
  }
},
{
  "model": "contenttypes.contenttype",
  "pk": 10,
  "fields": {
    "app_label": "myapp",
    "model": "student"
  }
},
{
  "model": "contenttypes.contenttype",
  "pk": 11,
  "fields": {
    "app_label": "myapp",
    "model": "review"
  }
},
{
  "model": "sessions.session",
  "pk": "1czl5z381qyso8l75attut0baq6wlcvm",
  "fields": {
    "session_data": ".eJxVjU2vwiAURP8LW7W5fBSBpXt37gnIvZZnA6bURGP877aJC992zsyZF_PhPg_-3nDyOTHHFNv-ZjGcr1hWkP5CudTuXMs85ditle5LW3esCcfDt_tPMIQ2LGurkPaoKWBvyRBwAuqj0VFgCForabWkKHuMhvZKkrHRJhFNwpQkaVqkY2izH-sll8UnQMCOix1XJ26cUo6bDYADWN8btpZr8fi45enJnNQA7w-Feksi:1kospW:4mY-ETM0COJqOEQwvsmYUafhXDaeodzJIYrcz8dnMY4",
    "expire_date": "2020-12-14T19:44:18.985Z"
  }
},
{
  "model": "sessions.session",
  "pk": "1sw0zmcrqcbw70dqfrh5rin6w6or1km9",
  "fields": {
    "session_data": ".eJxVjbtuwzAQBP-FrWPh7miTFsv06dwTx5fERCANUQZsGPn3SIAKp93ZnX0Jy_dltPcWZ5uDMEKLj_fMsf-JZQPhm8tQO1_LMmfXbZVup637qiFOn3v3n2DkNq5rwHNQ7gKu1yyZ0XtFWrp0PsWkEBS7SwpOBuAeg9fpBL1ESpQ09V5Jv0onboud6pDL6iMgOCIdUV4BjURDdAAwANt7i63lWmx83PL8FEYqgN8_KKRKEQ:1koGEM:KfdMjF3tVCVJHEtlX9V6sTMf2_W53_PnI4C30ax49fc",
    "expire_date": "2020-12-13T02:31:22.034Z"
  }
},
{
  "model": "sessions.session",
  "pk": "59s0j892z5h3pkhpuodnova4l0kx061a",
  "fields": {
    "session_data": ".eJxVjDsOwjAQBe_iGlk4_i4lPWewvN41DqBYipMKcXcSKQW0b2beW8S0LjWunec4krgIJU6_G6b85GkH9EjTvcncpmUeUe6KPGiXt0b8uh7u30FNvW41AKAuDhVTYZu9D-i1NYg2DQG0BqbMZ28cDsFll3gTwVgYSiBHqojPF_QxOFw:1koGDw:BoHW5nU1xN8i3KmzO62HMISlkb3oratin4Yj_CUVJms",
    "expire_date": "2020-12-27T01:30:56.673Z"
  }
},
{
  "model": "sessions.session",
  "pk": "a2qqnx7qew9xsp0opn8tfb3hj5lxkg78",
  "fields": {
    "session_data": ".eJxVjcEOwiAQRP-Fq7bZAkXg6N2bdwKya9EGTKmJxvjvtokHvc6befNizt_nwd0rTi5FZplk298s-NMV8wrixedzaU8lz1MK7Vppv7S2hxJx3H-7f4LB12FZG4m0Q0Uee0OaoCOgPmgVOHqvlBRGCQqix6BpJwVpE0zkQUeMUZCiRTr6OruxnFNefBw4NB1vOnnkYGVnhd4AWID1vWKtqWSHj1uanswKBfD-AIRKSxo:1kougH:I_bkbmsjTgL6YkvU-J_ONflRQxCF4S1RoWph7wqiSMM",
    "expire_date": "2020-12-14T21:42:53.083Z"
  }
},
{
  "model": "sessions.session",
  "pk": "aeivj61rh5usl42xsks6w5gs6tl8gy4z",
  "fields": {
    "session_data": "e30:1koud8:bHBktQxYtzZAS04PMtwKYdI39vaZmA37NK_Z_ItK7oU",
    "expire_date": "2020-12-28T20:39:38.984Z"
  }
},
{
  "model": "sessions.session",
  "pk": "bamrkqydwphwr7hzja9ib9ph762zorwc",
  "fields": {
    "session_data": ".eJxVjrtuwyAUht-FNY11ANtcxu7dsqMDHGJaCyLjSImivnttyUO6_t9_ezGH93Vy90aLy5FZJtnHu-Yx_FDZQfzGcq1dqGVdsu92S3fQ1n3VSPPn4f1XMGGbtjSPShAnGYwmDFwY7KWSMGBIOqV-9MkAR-1Vb1IckYcweI1EQinSWuyvZmyrm-s1l61PgIAzF2c-XGC0HOxgTgAWYF9v1FquxdHjlpcns3IE-P0DQ59KaQ:1kp3Y3:CleFzWrxc2zMTwDAseRmqdZ0l0NL-rAhlyxi9FzSnr8",
    "expire_date": "2020-12-15T07:10:59.273Z"
  }
},
{
  "model": "sessions.session",
  "pk": "bloozi8e6tqxlmpg7gzebi5esofbjbry",
  "fields": {
    "session_data": ".eJxVjEEOwiAQRe_C2hAGHAou3fcMBGZAqoYmpV0Z765NutDtf-_9lwhxW2vYel7CxOIiQJx-txTpkdsO-B7bbZY0t3WZktwVedAux5nz83q4fwc19vqtUVmChLZkE6l4ZLKOFBjQwFol9Gi0LybiYHzRTA6IPOpEZ2CnzCDeH9msN2g:1kQWDX:6OatG3wn0n38tUj1NrvKaGREcFPmTGEbOryCO_4K8x8",
    "expire_date": "2020-10-22T13:44:23.047Z"
  }
},
{
  "model": "sessions.session",
  "pk": "bwkop7b3vzh28793qzqbk8je9yk9mjvt",
  "fields": {
    "session_data": "e30:1koujN:pFMs-hnE-ARQluEjBf4gojTx_RMRsBwZcBWVYwmnOrE",
    "expire_date": "2020-12-28T20:46:05.512Z"
  }
},
{
  "model": "sessions.session",
  "pk": "cfw4qfzu1wkzyvb5c5x7za4xfaoxmpun",
  "fields": {
    "session_data": "e30:1kouNX:tibRUeJFi4YkbM2doatX9gY60rt-B5XifeGuUB7EWH0",
    "expire_date": "2020-12-28T20:23:31.172Z"
  }
},
{
  "model": "sessions.session",
  "pk": "e5cf61d2fa33chebsvms57c8c9qbdn2r",
  "fields": {
    "session_data": "e30:1kouht:KmldojAwUB_dE4sy6om1DzZI7Sy3dM3WwBAKA2o4m1w",
    "expire_date": "2020-12-28T20:44:33.171Z"
  }
},
{
  "model": "sessions.session",
  "pk": "fc8hugkdnh0o2e8qgxgjb3h4yinu0c9q",
  "fields": {
    "session_data": ".eJxVjMsOwiAQRf-FtSEd3uPSvd9AgAGpGkhKuzL-uzbpQrf3nHNfzIdtrX4befEzsTMDdvrdYkiP3HZA99Bunafe1mWOfFf4QQe_dsrPy-H-HdQw6rcWThRjlFZWO5LSOFOyhUBZGoXJFQRBmKJQRgcLUeqCOAkCFA4s4MTeH7e6NnQ:1kaXkA:6vhrSOPVZ0K1E9_z8QHQFDhtYZDsh1X8xYnq-AvphhQ",
    "expire_date": "2020-11-19T05:23:30.268Z"
  }
},
{
  "model": "sessions.session",
  "pk": "k8yeqc8dd8rj8ugjyby58k0e7rx51rkd",
  "fields": {
    "session_data": "e30:1kouUp:Nhh3DY3YRGyxnAyefmwg8Qd8oPRCw7LQzepgQueRopQ",
    "expire_date": "2020-12-28T20:31:03.105Z"
  }
},
{
  "model": "sessions.session",
  "pk": "pgwoz32t938h2ewic0mc3px0dwziboj3",
  "fields": {
    "session_data": ".eJxVjDsOwjAQBe_iGlk4_i4lPWewvN41DqBYipMKcXcSKQW0b2beW8S0LjWunec4krgIJU6_G6b85GkH9EjTvcncpmUeUe6KPGiXt0b8uh7u30FNvW41AKAuDhVTYZu9D-i1NYg2DQG0BqbMZ28cDsFll3gTwVgYSiBHqojPF_QxOFw:1kiJMe:a6lHbHGNYdHbF3vMr-pNC5u3ifKZ70fR0zT3U38k1Qk",
    "expire_date": "2020-12-10T15:39:20.505Z"
  }
},
{
  "model": "sessions.session",
  "pk": "ub7miz1op4w0r6khggmwbnsz7q1x5daf",
  "fields": {
    "session_data": "e30:1koubU:REKqG9bq2DTv7MvlIfMwIxyestP-H1BIfuXdlowb8sU",
    "expire_date": "2020-12-28T20:37:56.288Z"
  }
},
{
  "model": "myapp.topic",
  "pk": 1,
  "fields": {
    "name": "Web Development",
    "length": "10"
  }
},
{
  "model": "myapp.topic",
  "pk": 2,
  "fields": {
    "name": "Management",
    "length": "12"
  }
},
{
  "model": "myapp.topic",
  "pk": 3,
  "fields": {
    "name": "IT Certification",
    "length": "14"
  }
},
{
  "model": "myapp.topic",
  "pk": 4,
  "fields": {
    "name": "Sports",
    "length": "8"
  }
},
{
  "model": "myapp.topic",
  "pk": 5,
  "fields": {
    "name": "Economics",
    "length": "12"
  }
},
{
  "model": "myapp.course",
  "pk": 1,
  "fields": {
    "title": "CCNA",
    "topic": 3,
    "price": "199.99",
    "for_everyone": false,
    "description": "",
    "num_reviews": 0
  }
},
{
  "model": "myapp.course",
  "pk": 2,
  "fields": {
    "title": "AWS",
    "topic": 3,
    "price": "119.99",
    "for_everyone": true,
    "description": "",
    "num_reviews": 1
  }
},
{
  "model": "myapp.course",
  "pk": 3,
  "fields": {
    "title": "CompTIA Security",
    "topic": 3,
    "price": "139.99",
    "for_everyone": false,
    "description": "",
    "num_reviews": 1
  }
},
{
  "model": "myapp.course",
  "pk": 4,
  "fields": {
    "title": "Oracle SQL",
    "topic": 3,
    "price": "159.99",
    "for_everyone": false,
    "description": "",
    "num_reviews": 1
  }
},
{
  "model": "myapp.course",
  "pk": 5,
  "fields": {
    "title": "Microeconomics",
    "topic": 5,
    "price": "199.99",
    "for_everyone": false,
    "description": "",
    "num_reviews": 1
  }
},
{
  "model": "myapp.course",
  "pk": 6,
  "fields": {
    "title": "Introduction to Economics",
    "topic": 5,
    "price": "174.99",
    "for_everyone": true,
    "description": "",
    "num_reviews": 1
  }
},
{
  "model": "myapp.course",
  "pk": 7,
  "fields": {
    "title": "Global Economics",
    "topic": 5,
    "price": "149.99",
    "for_everyone": true,
    "description": "",
    "num_reviews": 0
  }
},
{
  "model": "myapp.course",
  "pk": 8,
  "fields": {
    "title": "Web Dev Bootcamp",
    "topic": 1,
    "price": "199.99",
    "for_everyone": true,
    "description": "",
    "num_reviews": 0
  }
},
{
  "model": "myapp.course",
  "pk": 9,
  "fields": {
    "title": "Web Design",
    "topic": 1,
    "price": "159.99",
    "for_everyone": false,
    "description": "",
    "num_reviews": 1
  }
},
{
  "model": "myapp.course",
  "pk": 10,
  "fields": {
    "title": "Web Development Mastercalss",
    "topic": 1,
    "price": "124.99",
    "for_everyone": true,
    "description": "",
    "num_reviews": 0
  }
},
{
  "model": "myapp.course",
  "pk": 11,
  "fields": {
    "title": "Build Responsive Websites",
    "topic": 1,
    "price": "149.99",
    "for_everyone": false,
    "description": "",
    "num_reviews": 0
  }
},
{
  "model": "myapp.course",
  "pk": 12,
  "fields": {
    "title": "Innovation for Business",
    "topic": 2,
    "price": "174.99",
    "for_everyone": true,
    "description": "",
    "num_reviews": 0
  }
},
{
  "model": "myapp.course",
  "pk": 13,
  "fields": {
    "title": "Leadership Skills",
    "topic": 2,
    "price": "184.99",
    "for_everyone": true,
    "description": "",
    "num_reviews": 0
  }
},
{
  "model": "myapp.course",
  "pk": 14,
  "fields": {
    "title": "Project Management",
    "topic": 2,
    "price": "149.99",
    "for_everyone": true,
    "description": "",
    "num_reviews": 0
  }
},
{
  "model": "myapp.course",
  "pk": 15,
  "fields": {
    "title": "Sports Psychology",
    "topic": 4,
    "price": "174.99",
    "for_everyone": true,
    "description": "",
    "num_reviews": 0
  }
},
{
  "model": "myapp.course",
  "pk": 16,
  "fields": {
    "title": "Introduction to Soccer",
    "topic": 4,
    "price": "134.49",
    "for_everyone": true,
    "description": "",
    "num_reviews": 0
  }
},
{
  "model": "myapp.course",
  "pk": 17,
  "fields": {
    "title": "Swimming Guide for Beginners",
    "topic": 4,
    "price": "99.99",
    "for_everyone": true,
    "description": "",
    "num_reviews": 0
  }
},
{
  "model": "myapp.student",
  "pk": 2,
  "fields": {
    "level": "HS",
    "address": "123 University Avenue",
    "province": "ON",
    "image": "",
    "registered_courses": [
      4,
      8
    ],
    "interested_in": [
      1,
      2,
      3
    ]
  }
},
{
  "model": "myapp.student",
  "pk": 3,
  "fields": {
    "level": "UG",
    "address": "235 Sunset Avenue",
    "province": "BC",
    "image": "images/computer-workstation-minimalist-night-digital-art-uhdpaper.com-4K-7.jpg",
    "registered_courses": [],
    "interested_in": [
      2,
      5
    ]
  }
},
{
  "model": "myapp.student",
  "pk": 4,
  "fields": {
    "level": "ND",
    "address": "306 Prince Street",
    "province": "AB",
    "image": "images/thor-uhdpaper.com-4K-163.jpg",
    "registered_courses": [
      2
    ],
    "interested_in": [
      2,
      3,
      4
    ]
  }
},
{
  "model": "myapp.student",
  "pk": 5,
  "fields": {
    "level": "PG",
    "address": "442 Sunset Avenue",
    "province": "QC",
    "image": "",
    "registered_courses": [],
    "interested_in": [
      3,
      4,
      5
    ]
  }
},
{
  "model": "myapp.student",
  "pk": 6,
  "fields": {
    "level": "HS",
    "address": "987 King Street",
    "province": "ON",
    "image": "",
    "registered_courses": [
      5,
      11
    ],
    "interested_in": [
      1
    ]
  }
},
{
  "model": "myapp.student",
  "pk": 7,
  "fields": {
    "level": "HS",
    "address": "",
    "province": "ON",
    "image": "",
    "registered_courses": [],
    "interested_in": [
      1
    ]
  }
},
{
  "model": "myapp.student",
  "pk": 8,
  "fields": {
    "level": "HS",
    "address": "",
    "province": "ON",
    "image": "",
    "registered_courses": [],
    "interested_in": []
  }
},
{
  "model": "myapp.order",
  "pk": 1,
  "fields": {
    "student": 2,
    "order_status": "1",
    "order_date": "2020-10-08",
    "courses": [
      4,
      8
    ]
  }
},
{
  "model": "myapp.order",
  "pk": 2,
  "fields": {
    "student": 4,
    "order_status": "1",
    "order_date": "2020-10-08",
    "courses": [
      2
    ]
  }
},
{
  "model": "myapp.order",
  "pk": 3,
  "fields": {
    "student": 6,
    "order_status": "1",
    "order_date": "2020-10-08",
    "courses": [
      5,
      11
    ]
  }
},
{
  "model": "myapp.order",
  "pk": 4,
  "fields": {
    "student": 5,
    "order_status": "1",
    "order_date": "2020-11-19",
    "courses": []
  }
},
{
  "model": "myapp.order",
  "pk": 5,
  "fields": {
    "student": 6,
    "order_status": "1",
    "order_date": "2020-11-19",
    "courses": []
  }
},
{
  "model": "myapp.order",
  "pk": 6,
  "fields": {
    "student": 3,
    "order_status": "1",
    "order_date": "2020-11-19",
    "courses": []
  }
},
{
  "model": "myapp.order",
  "pk": 7,
  "fields": {
    "student": 4,
    "order_status": "1",
    "order_date": "2020-11-19",
    "courses": []
  }
},
{
  "model": "myapp.order",
  "pk": 8,
  "fields": {
    "student": 6,
    "order_status": "1",
    "order_date": "2020-11-19",
    "courses": []
  }
},
{
  "model": "myapp.order",
  "pk": 9,
  "fields": {
    "student": 4,
    "order_status": "1",
    "order_date": "2020-11-19",
    "courses": [
      8
    ]
  }
},
{
  "model": "myapp.order",
  "pk": 10,
  "fields": {
    "student": 2,
    "order_status": "1",
    "order_date": "2020-11-19",
    "courses": [
      5,
      12
    ]
  }
},
{
  "model": "myapp.review",
  "pk": 1,
  "fields": {
    "reviewer": "temp@gmail.com",
    "course": 3,
    "rating": 5,
    "comments": "nice",
    "date": "2020-11-19"
  }
},
{
  "model": "myapp.review",
  "pk": 2,
  "fields": {
    "reviewer": "erjn@gmail.com",
    "course": 5,
    "rating": 3,
    "comments": "s",
    "date": "2020-11-19"
  }
},
{
  "model": "myapp.review",
  "pk": 3,
  "fields": {
    "reviewer": "temp@gmail.com",
    "course": 2,
    "rating": 3,
    "comments": "nice",
    "date": "2020-11-19"
  }
},
{
  "model": "myapp.review",
  "pk": 4,
  "fields": {
    "reviewer": "karan@gmail.com",
    "course": 6,
    "rating": 5,
    "comments": "best",
    "date": "2020-12-13"
  }
},
{
  "model": "myapp.review",
  "pk": 5,
  "fields": {
    "reviewer": "km@gmail.com",
    "course": 9,
    "rating": 0,
    "comments": "try",
    "date": "2020-12-13"
  }
},
{
  "model": "myapp.review",
  "pk": 6,
  "fields": {
    "reviewer": "km@gmail.com",
    "course": 4,
    "rating": 4,
    "comments": "try",
    "date": "2020-12-13"
  }
}
]
